<?xml version="1.0" encoding="utf-8" ?>
<Defs>

	<StatDef>
		<defName>SpottingPower</defName>
		<label>spotting power</label>
		<description>The chance it adds to colony's overall spotting power</description>
		<category>Building</category>
		<defaultBaseValue>0.0</defaultBaseValue>
		<toStringStyle>FloatOne</toStringStyle>
		<showIfUndefined>false</showIfUndefined>
  </StatDef>
  
  <StatDef>
		<defName>SpottingRange</defName>
		<label>spotting range</label>
		<description>The range it adds to colony's overall spotting range</description>
		<category>Building</category>
		<defaultBaseValue>0.0</defaultBaseValue>
		<toStringStyle>FloatOne</toStringStyle>
		<showIfUndefined>false</showIfUndefined>
	</StatDef>
  
</Defs>