<?xml version="1.0" encoding="utf-8" ?>
<Defs>
	<ThingDef ParentName="BuildingBase">
    <defName>Watchtower</defName>
    <label>watchtower</label>
	<thingClass>Building</thingClass>
    <description>A watchtower to from where you can see things from afar</description>
    <graphicData>
      <texPath>Things/Buildings/Watchtower</texPath>
      <graphicClass>Graphic_Single</graphicClass>
      <drawSize>(4, 4)</drawSize>
      <shadowData>
        <volume>(4.0, 4.0, 4.0)</volume>
      </shadowData>
    </graphicData>
    <costList>
      <WoodLog>500</WoodLog>
    </costList>
    <placeWorkers>
      <li>PlaceWorker_NotUnderRoof</li>
    </placeWorkers>
    <altitudeLayer>Building</altitudeLayer>
    <statBases>
      <MaxHitPoints>300</MaxHitPoints>
      <WorkToBuild>2000</WorkToBuild>
      <Flammability>1.0</Flammability>
	    <Beauty>-12</Beauty>
	    <SpottingPower>10.0</SpottingPower>
	    <SpottingRange>0.5</SpottingRange>
    </statBases>
	  <building>
      <allowAutoroof>false</allowAutoroof>
	  </building>
    <blockWind>true</blockWind>
	  <fillPercent>0.5</fillPercent>
    <leaveResourcesWhenKilled>false</leaveResourcesWhenKilled>
	  <passability>PassThroughOnly</passability>
    <pathCost>50</pathCost>
    <designationCategory>Security</designationCategory>
    <rotatable>false</rotatable>
    <canOverlapZones>false</canOverlapZones>
    <size>(4, 4)</size>
    <terrainAffordanceNeeded>Heavy</terrainAffordanceNeeded>
   <researchPrerequisites>
      <li>TowerBuilding</li>
    </researchPrerequisites>
  </ThingDef>

	<ThingDef ParentName="BuildingBase">
    <defName>MotionScanner</defName>
    <label>motion scanner</label>
	<thingClass>Building</thingClass>
    <description>Long-range motion scanner capable of detecting enemy movement heading towards your colony at long distances</description>
    <graphicData>
      <texPath>Things/Buildings/Scanner</texPath>
      <graphicClass>Graphic_Single</graphicClass>
      <drawSize>(3, 3)</drawSize>
      <shadowData>
        <volume>(1.4, 0.4, 1.4)</volume>
        <offset>(0,0,-0.1)</offset>
      </shadowData>
    </graphicData>
    <costList>
      <Steel>300</Steel>
      <ComponentIndustrial>8</ComponentIndustrial>
    </costList>
    <comps>
      <li Class="CompProperties_Power">
        <compClass>CompPowerTrader</compClass>
        <basePowerConsumption>500</basePowerConsumption>
      </li>
      <li Class="CompProperties_Breakdownable"/>
      <li Class="CompProperties_Flickable"/>
    </comps>
    <placeWorkers>
      <li>PlaceWorker_NotUnderRoof</li>
    </placeWorkers>
    <altitudeLayer>Building</altitudeLayer>
    <statBases>
      <MaxHitPoints>250</MaxHitPoints>
      <WorkToBuild>4000</WorkToBuild>
      <Flammability>0.5</Flammability>
	  <Beauty>-8</Beauty>
	  <SpottingPower>40.0</SpottingPower>
	  <SpottingRange>2.0</SpottingRange>
    </statBases>
	<building>
    <allowAutoroof>false</allowAutoroof>
	</building>
    <fillPercent>0.50</fillPercent>
    <leaveResourcesWhenKilled>false</leaveResourcesWhenKilled>
	<passability>PassThroughOnly</passability>
    <pathCost>100</pathCost>
    <designationCategory>Security</designationCategory>
    <rotatable>false</rotatable>
    <canOverlapZones>false</canOverlapZones>
    <size>(3, 3)</size>
    <terrainAffordanceNeeded>Heavy</terrainAffordanceNeeded>
    <researchPrerequisites>
      <li>MotionScanner</li>
    </researchPrerequisites>
    <constructionSkillPrerequisite>8</constructionSkillPrerequisite>
  </ThingDef>
  
  <ThingDef ParentName="BuildingBase">
    <defName>SatelliteController</defName>
    <label>satellite controller</label>
	  <thingClass>Building</thingClass>
    <description>A powerful computer capable to connect to abandoned satellites orbiting the planet taking control, with an AI capable of analyzing data from satellites and warns you when something is threatening your colony.</description>
    <graphicData>
      <texPath>Things/Buildings/SatelliteController</texPath>
      <graphicClass>Graphic_Multi</graphicClass>
      <drawSize>(3, 3)</drawSize>
      <shadowData>
		<volume>(3,0.5,2)</volume>
	  </shadowData>
    </graphicData>
    <costList>
      <Steel>100</Steel>
	    <Plasteel>50</Plasteel>
      <ComponentIndustrial>4</ComponentIndustrial>
	    <ComponentSpacer>1</ComponentSpacer>
      <AIPersonaCore>1</AIPersonaCore>
    </costList>
    <comps>
      <li Class="CompProperties_Power">
        <compClass>CompPowerTrader</compClass>
        <basePowerConsumption>2000</basePowerConsumption>
      </li>
      <li Class="CompProperties_Breakdownable"/>
      <li Class="CompProperties_Flickable"/>
    </comps>
    <altitudeLayer>Building</altitudeLayer>
    <passability>PassThroughOnly</passability>
    <pathCost>70</pathCost>
    <blockWind>true</blockWind>
    <castEdgeShadows>false</castEdgeShadows>
	  <rotatable>true</rotatable>
	  <defaultPlacingRot>South</defaultPlacingRot>
	  <terrainAffordanceNeeded>Medium</terrainAffordanceNeeded>
    <statBases>
      <MaxHitPoints>200</MaxHitPoints>
      <WorkToBuild>8000</WorkToBuild>
      <Flammability>0.3</Flammability>
	    <Beauty>-4</Beauty>
	    <SpottingPower>100.0</SpottingPower>
	    <SpottingRange>8.0</SpottingRange>
    </statBases>
    <fillPercent>0.40</fillPercent>
    <leaveResourcesWhenKilled>false</leaveResourcesWhenKilled>
    <designationCategory>Security</designationCategory>
    <canOverlapZones>false</canOverlapZones>
	  <researchPrerequisites>
      <li>AdvancedScoutingTehniques</li>
    </researchPrerequisites>
    <size>(3, 2)</size>
    <constructionSkillPrerequisite>12</constructionSkillPrerequisite>
  </ThingDef>
</Defs>